{
  "name": "discoverable-notes",
  "title": "Discoverable Notes",
  "description": "A simple module that allows notes to exist on the map with no permissions, and get added to the journal when players click them.",
  "author": "K-barber",
  "version": "0.2.0",
  "minimumCoreVersion": "0.7.8",
  "scripts": [
      "./scripts/settings.js",
      "./scripts/main.js"
  ],
  "compatibleCoreVersion": "0.7.9",
  "url": "https://github.com/k-barber/Foundry-VTT/tree/main/DiscoverableNotes/discoverable-notes",
  "manifest": "https://raw.githubusercontent.com/k-barber/Foundry-VTT/main/DiscoverableNotes/discoverable-notes/module.json",
  "download": "https://github.com/k-barber/Foundry-VTT/raw/main/DiscoverableNotes/discoverable-notes-0-2-0.zip",
  "socket": true
}