{
    "name": "kb-utils",
    "title": "KB Utils",
    "description": "Utility Things",
    "author": "K-barber",
    "version": "0.0.7",
    "minimumCoreVersion": "0.7.8",
    "scripts": [
        "./scripts/settings.js",
        "./scripts/main.js"
    ],
    "styles": [
        "./styles/bootstrap-icons.css"
    ],
    "compatibleCoreVersion": "0.7.10",
    "url": "https://github.com/k-barber/Foundry-VTT/tree/main/KBUtils/kb-utils",
    "manifest": "https://raw.githubusercontent.com/k-barber/Foundry-VTT/main/KBUtils/kb-utils/module.json",
    "download": "https://github.com/k-barber/Foundry-VTT/raw/main/KBUtils/kb-utils.zip"
}