{
    "name": "kb-utils",
    "title": "KB Utils",
    "description": "Utility Things",
    "author": "K-barber",
    "version": "0.1.1",
    "minimumCoreVersion": "0.7.8",
    "scripts": [
        "./scripts/settings.js",
        "./scripts/main.js"
    ],
    "socket": true,
    "styles": [
        "./styles/bootstrap-icons.css"
    ],
    "compatibleCoreVersion": "0.9.9",
    "url": "https://github.com/k-barber/Foundry-VTT/tree/main/KBUtils/kb-utils",
    "manifest": "https://raw.githubusercontent.com/k-barber/Foundry-VTT/main/KBUtils/kb-utils/module.json",
    "download": "https://github.com/k-barber/Foundry-VTT/raw/main/KBUtils/kb-utils.zip",
    "dependencies": [{
        "name": "lib-wrapper",
        "manifest": "https://github.com/ruipin/fvtt-lib-wrapper/releases/latest/download/module.json"
    }]
}