{
  "id": "kb-utils",
  "title": "KB Utils",
  "version": "1.0.1",
  "compatibility": {
    "minimum": "13",
    "verified": "13"
  },
  "authors": [
    {
      "name": "Kris Barber",
      "url": "https://github.com/k-barber",
      "flags": {}
    }
  ],
  "url": "https://github.com/k-barber/Foundry-VTT/tree/main/KBUtils",
  "flags": {
    "canUpload": true
  },
  "socket": true,
  "download": "https://github.com/k-barber/Foundry-VTT/raw/main/KBUtils/kb-utils.zip",
  "manifest": "https://raw.githubusercontent.com/k-barber/Foundry-VTT/main/KBUtils/kb-utils/module.json",
  "scripts": ["./scripts/main.js"],
  "relationships": {
    "requires": [
      {
        "id": "socketlib",
        "type": "module",
        "compatibility": {}
      },
      {
        "id": "seasons-and-stars",
        "type": "module",
        "compatibility": {}
      }
    ]
  },
  "description": "A simple module that adds in-game time to chat messages. Users can see 2 timestamps, one for IRL time and one for in-game time."
}
